{
  "mean_ks": 0.05571428571428568,
  "plan_gap": 0.040000000000000036,
  "churn_gap": 0.02571428571428569,
  "duplicate_rate": 0.0
}
